timestamp,label,notes,labeled_at
2026-04-05T06:31:18.251713,fp,,2026-04-05T14:25:24.219155+00:00
2026-04-05T06:30:57.395777,fp,,2026-04-05T14:25:25.224313+00:00
2026-04-05T06:30:38.252367,fp,,2026-04-05T14:25:25.959213+00:00
2026-04-05T06:30:02.194625,fp,,2026-04-05T14:25:26.824953+00:00
2026-04-05T06:29:13.840132,fp,,2026-04-05T14:25:27.665318+00:00
2026-04-05T06:28:59.605089,fp,,2026-04-05T14:25:28.583137+00:00
2026-04-05T06:27:11.281371,fp,,2026-04-05T14:25:30.365380+00:00
2026-04-05T06:27:02.051009,fp,,2026-04-05T14:25:31.155421+00:00
2026-04-05T06:26:36.716385,fp,,2026-04-05T14:25:32.733183+00:00
2026-04-05T06:26:29.680006,fp,,2026-04-05T14:25:33.574952+00:00
2026-04-05T06:25:54.611611,fp,,2026-04-05T14:25:34.340887+00:00
2026-04-05T06:25:14.658666,fp,,2026-04-05T14:25:35.149196+00:00
2026-04-05T06:23:56.490191,fp,,2026-04-05T14:25:36.217628+00:00
2026-04-05T06:17:45.131776,fp,,2026-04-05T14:25:38.164579+00:00
2026-04-05T06:17:22.597489,fp,,2026-04-05T14:25:39.105679+00:00
2026-04-05T06:17:15.151839,fp,,2026-04-05T14:25:39.965529+00:00
2026-04-05T06:16:15.468816,fp,,2026-04-05T14:25:40.799698+00:00
2026-04-05T06:15:43.077444,fp,,2026-04-05T14:25:41.632263+00:00
2026-04-05T06:15:31.708211,fp,,2026-04-05T14:25:42.546884+00:00
2026-04-04T13:11:02.930643,fp,,2026-04-05T14:25:43.449590+00:00
2026-04-04T13:10:21.358976,fp,,2026-04-05T14:25:46.179526+00:00
2026-04-04T13:10:14.484255,fp,,2026-04-05T14:25:47.077974+00:00
2026-04-04T13:04:52.383297,fp,,2026-04-05T14:25:47.855997+00:00
2026-04-04T13:04:46.450774,fp,,2026-04-05T14:25:48.784531+00:00
2026-04-04T13:04:40.211770,fp,,2026-04-05T14:25:49.624655+00:00
2026-04-04T10:18:03.600675,fp,,2026-04-05T14:25:50.478634+00:00
2026-04-04T10:16:43.078437,fp,,2026-04-05T14:25:51.336527+00:00
2026-04-04T10:09:51.713262,fp,,2026-04-05T14:25:52.131199+00:00
2026-04-04T10:09:27.298462,fp,,2026-04-05T14:25:53.046417+00:00
2026-04-04T07:04:16.847087,fp,,2026-04-05T14:25:57.111175+00:00
2026-04-04T07:03:37.293745,fp,,2026-04-05T14:25:57.968802+00:00
2026-04-04T07:03:07.002914,fp,,2026-04-05T14:25:58.737751+00:00
2026-04-04T07:02:36.098772,fp,,2026-04-05T14:25:59.565937+00:00
2026-04-04T07:02:02.529557,fp,,2026-04-05T14:26:00.840242+00:00
2026-04-04T07:01:32.226450,fp,,2026-04-05T14:26:01.767951+00:00
2026-04-04T07:01:02.183702,fp,,2026-04-05T14:26:02.563770+00:00
2026-04-04T07:00:22.434778,fp,,2026-04-05T14:26:04.303819+00:00
2026-04-04T06:42:32.096565,fp,,2026-04-05T14:26:05.144579+00:00
2026-04-04T06:42:02.055846,fp,,2026-04-05T14:26:08.698406+00:00
2026-04-04T06:41:28.241614,fp,,2026-04-05T14:26:09.512708+00:00
2026-04-04T06:40:36.863073,fp,,2026-04-05T14:26:10.315968+00:00
2026-04-04T06:39:54.240418,fp,,2026-04-05T14:26:11.820537+00:00
2026-04-04T06:39:18.335082,fp,,2026-04-05T14:26:12.626286+00:00
2026-04-04T06:38:47.728088,fp,,2026-04-05T14:26:13.488313+00:00
2026-04-04T06:38:17.714418,fp,,2026-04-05T14:26:14.889472+00:00
2026-04-04T06:37:43.090430,fp,,2026-04-05T14:26:16.691934+00:00
2026-04-04T06:37:08.972382,fp,,2026-04-05T14:26:17.934402+00:00
2026-04-04T06:36:37.311236,fp,,2026-04-05T14:26:20.706221+00:00
2026-04-04T06:35:30.001855,fp,,2026-04-05T14:26:21.442702+00:00
2026-04-04T06:34:58.637402,fp,,2026-04-05T14:26:22.703500+00:00
2026-04-04T06:34:28.292025,fp,,2026-04-05T14:26:23.514265+00:00
2026-04-04T06:33:56.143148,fp,,2026-04-05T14:26:24.486962+00:00
2026-04-04T06:33:23.888277,fp,,2026-04-05T14:26:25.314217+00:00
2026-04-04T06:32:53.886107,fp,,2026-04-05T14:26:26.119364+00:00
2026-04-04T06:32:23.834268,fp,,2026-04-05T14:26:26.975631+00:00
2026-04-04T06:31:53.782927,fp,,2026-04-05T14:26:29.882477+00:00
2026-04-04T06:31:23.369220,fp,,2026-04-05T14:26:30.785910+00:00
2026-04-04T06:30:53.003904,fp,,2026-04-05T14:26:31.521450+00:00
2026-04-04T06:30:21.271786,fp,,2026-04-05T14:26:32.379258+00:00
2026-04-04T06:30:21.271786,fp,,2026-04-05T14:26:32.569968+00:00
2026-04-04T06:29:50.400409,fp,,2026-04-05T14:26:33.695801+00:00
2026-04-04T06:29:20.268124,fp,,2026-04-05T14:26:35.752710+00:00
2026-04-04T06:28:50.227853,fp,,2026-04-05T14:26:36.665804+00:00
2026-04-04T06:28:20.167963,fp,,2026-04-05T14:26:38.903646+00:00
2026-04-04T06:27:48.303597,fp,,2026-04-05T14:26:39.579660+00:00
2026-04-04T06:27:18.175334,fp,,2026-04-05T14:26:41.607162+00:00
2026-04-04T06:26:47.781050,fp,,2026-04-05T14:26:42.397000+00:00
2026-04-04T06:26:17.778496,fp,,2026-04-05T14:26:43.206663+00:00
2026-04-04T06:25:46.934020,fp,,2026-04-05T14:26:44.631728+00:00
2026-04-04T06:25:16.836300,fp,,2026-04-05T14:26:45.771452+00:00
2026-04-04T06:24:46.801183,fp,,2026-04-05T14:26:46.994970+00:00
2026-04-04T06:24:16.434173,fp,,2026-04-05T14:26:49.996415+00:00
2026-04-04T06:23:46.311201,fp,,2026-04-05T14:26:50.846824+00:00
2026-04-04T06:23:15.571371,fp,,2026-04-05T14:26:51.972794+00:00
2026-04-04T06:22:45.500370,fp,,2026-04-05T14:26:53.162726+00:00
2026-04-04T06:22:15.399354,fp,,2026-04-05T14:26:53.998878+00:00
2026-04-04T06:21:45.370451,fp,,2026-04-05T14:26:54.836250+00:00
2026-04-04T06:21:15.407096,fp,,2026-04-05T14:26:56.028628+00:00
2026-04-04T06:20:39.461173,fp,,2026-04-05T14:26:57.023482+00:00
2026-04-04T06:20:09.330704,fp,,2026-04-05T14:26:59.476147+00:00
2026-04-04T06:19:37.665952,fp,,2026-04-05T14:27:00.446355+00:00
2026-04-04T06:19:04.762813,fp,,2026-04-05T14:27:01.523628+00:00
2026-04-04T06:18:34.564817,fp,,2026-04-05T14:27:02.143238+00:00
2026-04-04T06:18:02.063065,fp,,2026-04-05T14:27:02.799165+00:00
2026-04-04T06:17:32.047298,fp,,2026-04-05T14:27:04.057770+00:00
2026-04-04T06:17:01.967695,fp,,2026-04-05T14:27:04.825358+00:00
2026-04-04T06:16:31.304591,fp,,2026-04-05T14:27:09.292836+00:00
2026-04-04T06:16:01.005786,fp,,2026-04-05T14:27:10.514855+00:00
2026-04-04T06:15:30.939947,fp,,2026-04-05T14:27:11.692597+00:00
2026-04-04T06:15:00.896121,fp,,2026-04-05T14:27:12.806016+00:00
2026-04-04T06:14:30.909966,fp,,2026-04-05T14:27:14.106394+00:00
2026-04-04T06:14:00.412803,fp,,2026-04-05T14:27:15.132209+00:00
2026-04-04T06:13:27.270560,fp,,2026-04-05T14:27:16.042566+00:00
2026-04-04T06:12:57.148157,fp,,2026-04-05T14:27:19.087467+00:00
2026-04-04T06:12:24.052144,fp,,2026-04-05T14:27:20.032877+00:00
2026-04-04T06:11:54.080166,fp,,2026-04-05T14:27:20.830201+00:00
2026-04-04T06:11:22.842248,fp,,2026-04-05T14:27:21.668700+00:00
2026-04-04T06:10:52.804739,fp,,2026-04-05T14:27:22.678976+00:00
2026-04-04T06:10:22.296324,fp,,2026-04-05T14:27:23.542981+00:00
2026-04-04T06:09:52.208026,fp,,2026-04-05T14:27:24.563846+00:00
2026-04-04T06:09:22.175642,fp,,2026-04-05T14:27:25.387322+00:00
2026-04-05T09:03:56.021023,fp,,2026-04-05T16:33:13.614365+00:00
2026-04-05T09:04:06.076851,fp,,2026-04-05T16:33:14.516634+00:00
2026-04-05T09:04:12.327179,fp,,2026-04-05T16:33:15.831288+00:00
2026-04-05T09:04:47.822852,fp,,2026-04-05T16:33:16.855897+00:00
2026-04-05T09:05:37.145265,fp,,2026-04-05T16:33:17.798773+00:00
2026-04-05T09:05:48.621097,fp,,2026-04-05T16:33:20.455306+00:00
2026-04-05T09:06:45.892498,fp,,2026-04-05T16:33:21.266328+00:00
2026-04-05T09:06:56.481102,fp,,2026-04-05T16:33:22.232738+00:00
2026-04-06T16:37:48.432761,fp,,2026-04-07T18:41:19.564659+00:00
2026-04-06T16:34:55.209413,fp,,2026-04-07T18:41:22.743188+00:00
2026-04-06T16:39:40.266724,fp,,2026-04-07T19:13:17.221300+00:00
2026-04-06T16:37:56.995425,fp,,2026-04-07T19:13:20.227135+00:00
2026-04-06T16:39:32.760637,fp,,2026-04-07T19:13:27.353742+00:00
2026-04-06T16:38:44.753228,fp,,2026-04-07T19:13:32.737045+00:00
2026-04-06T16:38:51.894116,fp,,2026-04-07T19:13:35.789166+00:00
2026-04-06T16:39:18.188976,fp,,2026-04-07T19:13:36.654231+00:00
2026-04-06T16:38:38.627196,fp,,2026-04-07T19:13:37.496308+00:00
2026-04-06T16:38:21.067991,fp,,2026-04-07T19:13:38.737640+00:00
2026-04-06T16:32:02.963318,fp,,2026-04-07T19:14:17.017039+00:00
2026-04-06T16:34:30.531603,fp,,2026-04-07T19:14:18.724330+00:00
2026-04-06T16:34:14.531125,fp,,2026-04-07T19:14:20.418841+00:00
2026-04-06T16:33:08.628120,fp,,2026-04-07T19:14:22.002182+00:00
2026-04-06T16:31:18.428606,fp,,2026-04-07T19:14:26.586214+00:00
2026-04-06T16:31:56.930269,fp,,2026-04-07T19:14:27.601752+00:00
2026-04-06T16:32:24.492038,fp,,2026-04-07T19:14:28.530625+00:00
2026-04-07T12:35:55.482595,fp,,2026-04-07T19:39:49.050792+00:00
2026-04-07T12:36:43.872018,fp,,2026-04-07T19:42:11.701579+00:00
2026-04-07T12:36:05.243595,fp,,2026-04-07T19:42:27.421360+00:00
2026-04-07T12:35:25.607741,fp,,2026-04-07T19:44:06.047958+00:00
2026-04-07T12:35:13.811183,fp,,2026-04-07T19:46:37.426779+00:00
2026-04-07T12:14:41.776505,fp,,2026-04-07T19:46:43.788947+00:00
2026-04-07T12:35:06.447991,fp,,2026-04-07T19:52:27.276522+00:00
2026-04-07T12:31:28.674439,fp,,2026-04-07T19:52:30.832370+00:00
2026-04-07T12:51:32.850782,fp,,2026-04-07T19:55:37.701026+00:00
2026-04-07T12:55:11.018241,fp,,2026-04-07T19:57:18.967810+00:00
2026-04-07T13:20:45.907153,fp,,2026-04-07T20:22:06.649662+00:00
2026-04-07T13:18:00.054270,fp,,2026-04-07T20:22:07.718093+00:00
2026-04-07T13:17:49.482544,fp,,2026-04-07T20:22:09.013479+00:00
2026-04-07T13:17:35.797803,fp,,2026-04-07T20:22:10.000913+00:00
2026-04-07T13:17:14.682700,fp,,2026-04-07T20:22:11.737570+00:00
2026-04-07T13:27:19.646634,fp,,2026-04-07T20:29:15.801681+00:00
2026-04-07T13:26:05.410848,fp,,2026-04-07T20:29:18.400203+00:00
2026-04-07T13:23:00.818323,fp,,2026-04-07T20:29:28.038711+00:00
2026-04-07T13:23:00.818323,fp,,2026-04-07T20:29:29.214073+00:00
2026-04-07T13:23:00.818323,fp,,2026-04-07T20:29:31.189017+00:00
2026-04-08T17:01:34.299671,tp,,2026-04-09T00:29:14.000639+00:00
2026-04-08T17:01:34.299671,fp,,2026-04-09T14:34:46.027904+00:00
2026-04-08T17:00:16.749806,fp,,2026-04-09T14:35:00.350270+00:00
2026-04-08T17:28:40.633438,fp,,2026-04-09T14:36:24.498767+00:00
2026-04-08T16:59:03.405658,fp,,2026-04-09T14:37:00.879159+00:00
2026-04-09T09:06:50.697776,tn,,2026-04-09T16:14:59.383159+00:00
2026-04-09T09:06:50.697776,tn,,2026-04-09T16:15:04.373248+00:00
2026-04-09T10:37:34.841444,fp,,2026-04-09T17:43:04.437644+00:00
2026-04-09T10:41:31.268320,fp,,2026-04-09T17:43:12.027242+00:00
2026-04-09T10:41:09.491573,fp,,2026-04-09T17:43:51.742956+00:00
2026-04-09T10:41:03.456245,fp,,2026-04-09T17:43:51.757214+00:00
2026-04-09T10:40:53.865388,fp,,2026-04-09T17:43:51.759982+00:00
2026-04-09T10:40:36.695421,fp,,2026-04-09T17:43:51.762565+00:00
2026-04-09T10:39:44.845020,fp,,2026-04-09T17:43:51.764790+00:00
2026-04-09T10:39:35.260235,fp,,2026-04-09T17:43:51.766900+00:00
2026-04-09T10:39:27.214077,fp,,2026-04-09T17:43:51.770007+00:00
2026-04-09T10:38:55.122944,fp,,2026-04-09T17:43:51.772140+00:00
2026-04-09T10:37:02.783115,fp,,2026-04-09T17:43:51.773601+00:00
2026-04-09T10:41:15.499419,tn,,2026-04-09T17:44:59.545589+00:00
2026-04-09T10:41:15.499419,tn,,2026-04-09T17:45:01.843397+00:00
2026-04-09T10:41:15.499419,tn,,2026-04-09T17:45:03.822309+00:00
2026-04-09T10:41:15.499419,tn,,2026-04-09T17:45:04.697973+00:00
2026-04-09T10:41:15.499419,tn,,2026-04-09T17:45:14.325932+00:00
2026-04-09T08:56:10.262749,tn,,2026-04-09T17:45:17.021897+00:00
2026-04-09T10:41:15.499419,tn,,2026-04-09T17:49:48.884496+00:00
2026-04-09T10:41:15.499419,tn,,2026-04-09T17:49:50.968445+00:00
2026-04-09T10:37:25.142087,tn,,2026-04-09T17:49:53.296711+00:00
2026-04-09T09:06:43.238352,tn,,2026-04-09T17:50:02.314702+00:00
2026-04-09T09:06:50.697776,tn,,2026-04-09T17:50:02.329869+00:00
2026-04-09T09:06:43.238352,tn,,2026-04-09T17:50:03.503809+00:00
2026-04-09T09:06:50.697776,tn,,2026-04-09T17:50:03.509849+00:00
2026-04-09T09:06:43.238352,tn,,2026-04-09T17:50:04.172260+00:00
2026-04-09T09:06:50.697776,tn,,2026-04-09T17:50:04.186620+00:00
2026-04-09T10:41:15.499419,tn,,2026-04-09T17:51:15.408045+00:00
2026-04-09T10:41:15.499419,tn,,2026-04-09T17:51:16.486218+00:00
2026-04-09T10:41:15.499419,tn,,2026-04-09T17:51:17.470612+00:00
2026-04-09T10:39:01.177741,tn,,2026-04-09T17:51:31.764219+00:00
2026-04-09T10:38:17.574625,tn,,2026-04-09T17:51:31.778889+00:00
2026-04-09T10:37:25.142087,tn,,2026-04-09T17:51:31.793858+00:00
2026-04-09T10:39:01.177741,tn,,2026-04-09T17:51:37.731401+00:00
2026-04-09T10:38:17.574625,tn,,2026-04-09T17:51:37.742602+00:00
2026-04-09T10:37:25.142087,tn,,2026-04-09T17:51:37.751993+00:00
2026-04-09T10:53:17.763965,fp,,2026-04-09T17:55:01.972457+00:00
2026-04-09T10:53:17.763965,fp,,2026-04-09T17:55:09.313618+00:00
2026-04-09T10:51:54.287686,fp,,2026-04-09T17:55:09.321106+00:00
2026-04-09T10:51:39.341044,fp,,2026-04-09T17:55:09.328716+00:00
2026-04-09T10:53:17.763965,fp,,2026-04-09T17:55:10.076468+00:00
2026-04-09T10:51:54.287686,fp,,2026-04-09T17:55:10.082176+00:00
2026-04-09T10:51:39.341044,fp,,2026-04-09T17:55:10.090937+00:00
2026-04-09T10:53:17.763965,fp,,2026-04-09T17:55:11.139264+00:00
2026-04-09T10:51:54.287686,fp,,2026-04-09T17:55:11.146912+00:00
2026-04-09T10:51:39.341044,fp,,2026-04-09T17:55:11.152648+00:00
2026-04-09T10:53:17.763965,fp,,2026-04-09T17:55:11.663264+00:00
2026-04-09T10:51:54.287686,fp,,2026-04-09T17:55:11.672893+00:00
2026-04-09T10:51:39.341044,fp,,2026-04-09T17:55:11.681826+00:00
2026-04-09T10:53:17.763965,fp,,2026-04-09T17:55:11.930598+00:00
2026-04-09T10:51:54.287686,fp,,2026-04-09T17:55:11.952049+00:00
2026-04-09T10:51:39.341044,fp,,2026-04-09T17:55:11.959165+00:00
2026-04-09T10:53:17.763965,fp,,2026-04-09T17:55:12.503984+00:00
2026-04-09T10:51:54.287686,fp,,2026-04-09T17:55:12.516424+00:00
2026-04-09T10:51:39.341044,fp,,2026-04-09T17:55:12.521781+00:00
2026-04-09T10:53:17.763965,fp,,2026-04-09T17:55:13.229820+00:00
2026-04-09T10:51:54.287686,fp,,2026-04-09T17:55:13.262871+00:00
2026-04-09T10:51:39.341044,fp,,2026-04-09T17:55:13.268330+00:00
2026-04-09T10:53:17.763965,fp,,2026-04-09T17:55:14.798860+00:00
2026-04-09T10:51:54.287686,fp,,2026-04-09T17:55:14.817687+00:00
2026-04-09T10:51:39.341044,fp,,2026-04-09T17:55:14.821190+00:00
2026-04-09T10:53:17.763965,fp,,2026-04-09T17:55:17.393147+00:00
2026-04-09T10:51:54.287686,fp,,2026-04-09T17:55:17.398423+00:00
2026-04-09T10:51:39.341044,fp,,2026-04-09T17:55:17.408197+00:00
2026-04-09T10:53:17.763965,fp,,2026-04-09T17:55:18.830123+00:00
2026-04-09T10:51:54.287686,fp,,2026-04-09T17:55:18.849928+00:00
2026-04-09T10:51:39.341044,fp,,2026-04-09T17:55:18.858301+00:00
2026-04-09T09:00:33.970275,fp,,2026-04-09T17:55:20.499056+00:00
2026-04-09T09:00:15.238136,fp,,2026-04-09T17:55:22.408493+00:00
2026-04-09T09:00:15.238136,fp,,2026-04-09T17:55:28.072999+00:00
2026-04-09T09:00:15.238136,fp,,2026-04-09T17:55:31.526379+00:00
2026-04-09T09:00:15.238136,fp,,2026-04-09T17:55:33.936276+00:00
2026-04-09T09:00:15.238136,fp,,2026-04-09T17:55:35.329886+00:00
2026-04-09T09:00:15.238136,fp,,2026-04-09T17:55:36.894520+00:00
2026-04-09T09:00:15.238136,fp,,2026-04-09T17:55:38.179155+00:00
2026-04-09T09:00:15.238136,fp,,2026-04-09T17:55:41.576012+00:00
2026-04-09T09:00:15.238136,fp,,2026-04-09T17:56:50.517767+00:00
2026-04-09T10:58:19.005232,fp,,2026-04-09T18:05:54.996464+00:00
2026-04-09T10:57:35.774756,fp,,2026-04-09T18:05:56.985280+00:00
2026-04-09T10:57:35.774756,fp,,2026-04-09T18:06:09.718591+00:00
2026-04-09T10:57:29.138952,fp,,2026-04-09T18:06:09.741438+00:00
2026-04-09T10:57:23.105278,fp,,2026-04-09T18:06:09.755780+00:00
2026-04-09T10:56:17.829992,fp,,2026-04-09T18:06:09.767247+00:00
2026-04-09T10:56:08.625467,fp,,2026-04-09T18:06:09.787257+00:00
2026-04-09T10:57:35.774756,fp,,2026-04-09T18:06:19.115265+00:00
2026-04-09T10:57:29.138952,fp,,2026-04-09T18:06:19.123103+00:00
2026-04-09T10:57:23.105278,fp,,2026-04-09T18:06:19.131995+00:00
2026-04-09T10:56:17.829992,fp,,2026-04-09T18:06:19.138281+00:00
2026-04-09T10:56:08.625467,fp,,2026-04-09T18:06:19.147414+00:00
2026-04-09T10:56:02.533895,fp,,2026-04-09T18:06:19.161460+00:00
2026-04-09T10:55:49.910264,fp,,2026-04-09T18:06:19.175515+00:00
2026-04-09T10:55:36.223085,fp,,2026-04-09T18:06:19.189511+00:00
2026-04-09T10:54:57.294563,fp,,2026-04-09T18:06:19.194940+00:00
2026-04-09T10:57:35.774756,fp,,2026-04-09T18:06:23.739894+00:00
2026-04-09T10:57:29.138952,fp,,2026-04-09T18:06:23.746657+00:00
2026-04-09T10:57:23.105278,fp,,2026-04-09T18:06:23.749464+00:00
2026-04-09T10:56:17.829992,fp,,2026-04-09T18:06:23.752356+00:00
2026-04-09T10:56:08.625467,fp,,2026-04-09T18:06:23.755038+00:00
2026-04-09T10:56:02.533895,fp,,2026-04-09T18:06:23.757247+00:00
2026-04-09T10:55:49.910264,fp,,2026-04-09T18:06:23.759392+00:00
2026-04-09T10:55:36.223085,fp,,2026-04-09T18:06:23.766389+00:00
2026-04-09T10:54:57.294563,fp,,2026-04-09T18:06:23.768857+00:00
2026-04-09T10:57:35.774756,fp,,2026-04-09T18:06:25.482929+00:00
2026-04-09T10:57:29.138952,fp,,2026-04-09T18:06:25.495965+00:00
2026-04-09T10:57:23.105278,fp,,2026-04-09T18:06:25.497612+00:00
2026-04-09T10:56:17.829992,fp,,2026-04-09T18:06:25.499862+00:00
2026-04-09T10:56:08.625467,fp,,2026-04-09T18:06:25.502265+00:00
2026-04-09T10:56:02.533895,fp,,2026-04-09T18:06:25.504702+00:00
2026-04-09T10:55:49.910264,fp,,2026-04-09T18:06:25.507024+00:00
2026-04-09T10:55:36.223085,fp,,2026-04-09T18:06:25.509221+00:00
2026-04-09T10:54:57.294563,fp,,2026-04-09T18:06:25.512603+00:00
2026-04-09T10:57:35.774756,fp,,2026-04-09T18:06:26.664279+00:00
2026-04-09T10:57:29.138952,fp,,2026-04-09T18:06:26.683105+00:00
2026-04-09T10:57:23.105278,fp,,2026-04-09T18:06:26.690982+00:00
2026-04-09T10:56:17.829992,fp,,2026-04-09T18:06:26.698319+00:00
2026-04-09T10:56:08.625467,fp,,2026-04-09T18:06:26.701456+00:00
2026-04-09T10:56:02.533895,fp,,2026-04-09T18:06:26.703819+00:00
2026-04-09T10:55:49.910264,fp,,2026-04-09T18:06:26.705519+00:00
2026-04-09T10:55:36.223085,fp,,2026-04-09T18:06:26.707258+00:00
2026-04-09T10:54:57.294563,fp,,2026-04-09T18:06:26.709726+00:00
2026-04-09T10:57:35.774756,fp,,2026-04-09T18:06:27.189371+00:00
2026-04-09T10:57:29.138952,fp,,2026-04-09T18:06:27.196779+00:00
2026-04-09T10:57:23.105278,fp,,2026-04-09T18:06:27.199200+00:00
2026-04-09T10:56:17.829992,fp,,2026-04-09T18:06:27.201425+00:00
2026-04-09T10:56:08.625467,fp,,2026-04-09T18:06:27.203621+00:00
2026-04-09T10:56:02.533895,fp,,2026-04-09T18:06:27.205666+00:00
2026-04-09T10:55:49.910264,fp,,2026-04-09T18:06:27.207673+00:00
2026-04-09T10:55:36.223085,fp,,2026-04-09T18:06:27.210485+00:00
2026-04-09T10:54:57.294563,fp,,2026-04-09T18:06:27.217732+00:00
2026-04-09T10:57:35.774756,fp,,2026-04-09T18:06:29.365568+00:00
2026-04-09T10:57:29.138952,fp,,2026-04-09T18:06:29.384411+00:00
2026-04-09T10:57:23.105278,fp,,2026-04-09T18:06:29.386969+00:00
2026-04-09T10:56:17.829992,fp,,2026-04-09T18:06:29.389170+00:00
2026-04-09T10:56:08.625467,fp,,2026-04-09T18:06:29.391348+00:00
2026-04-09T10:56:02.533895,fp,,2026-04-09T18:06:29.393977+00:00
2026-04-09T10:55:49.910264,fp,,2026-04-09T18:06:29.396592+00:00
2026-04-09T10:55:36.223085,fp,,2026-04-09T18:06:29.398741+00:00
2026-04-09T10:54:57.294563,fp,,2026-04-09T18:06:29.400854+00:00
2026-04-09T10:41:15.499419,fp,,2026-04-09T18:06:29.403380+00:00
2026-04-09T10:57:35.774756,fp,,2026-04-09T18:08:25.923747+00:00
2026-04-09T10:57:29.138952,fp,,2026-04-09T18:08:25.930563+00:00
2026-04-09T10:57:23.105278,fp,,2026-04-09T18:08:25.931708+00:00
2026-04-09T10:56:17.829992,fp,,2026-04-09T18:08:25.932693+00:00
2026-04-09T10:56:08.625467,fp,,2026-04-09T18:08:25.933876+00:00
2026-04-09T10:56:02.533895,fp,,2026-04-09T18:08:25.935325+00:00
2026-04-09T10:55:49.910264,fp,,2026-04-09T18:08:25.936980+00:00
2026-04-09T10:55:36.223085,fp,,2026-04-09T18:08:25.938741+00:00
2026-04-09T10:54:57.294563,fp,,2026-04-09T18:08:25.940469+00:00
2026-04-09T10:41:15.499419,fp,,2026-04-09T18:08:25.942294+00:00
2026-04-09T10:57:35.774756,fp,,2026-04-09T18:08:27.084917+00:00
2026-04-09T10:57:29.138952,fp,,2026-04-09T18:08:27.095489+00:00
2026-04-09T10:57:23.105278,fp,,2026-04-09T18:08:27.098875+00:00
2026-04-09T10:56:17.829992,fp,,2026-04-09T18:08:27.101435+00:00
2026-04-09T10:56:08.625467,fp,,2026-04-09T18:08:27.104116+00:00
2026-04-09T10:56:02.533895,fp,,2026-04-09T18:08:27.107687+00:00
2026-04-09T10:55:49.910264,fp,,2026-04-09T18:08:27.110132+00:00
2026-04-09T10:55:36.223085,fp,,2026-04-09T18:08:27.112825+00:00
2026-04-09T10:54:57.294563,fp,,2026-04-09T18:08:27.115326+00:00
2026-04-09T10:41:15.499419,fp,,2026-04-09T18:08:27.117211+00:00
2026-04-09T10:57:35.774756,fp,,2026-04-09T18:08:30.917547+00:00
2026-04-09T10:57:29.138952,fp,,2026-04-09T18:08:30.923584+00:00
2026-04-09T10:57:23.105278,fp,,2026-04-09T18:08:30.929191+00:00
2026-04-09T10:56:17.829992,fp,,2026-04-09T18:08:30.934573+00:00
2026-04-09T10:56:08.625467,fp,,2026-04-09T18:08:30.941937+00:00
2026-04-09T10:56:02.533895,fp,,2026-04-09T18:08:30.953903+00:00
2026-04-09T10:55:49.910264,fp,,2026-04-09T18:08:30.960766+00:00
2026-04-09T10:55:36.223085,fp,,2026-04-09T18:08:30.967600+00:00
2026-04-09T10:54:57.294563,fp,,2026-04-09T18:08:30.977332+00:00
2026-04-09T10:41:15.499419,fp,,2026-04-09T18:08:30.982679+00:00
2026-04-09T10:39:01.177741,fp,,2026-04-09T18:08:30.992320+00:00
2026-04-09T10:57:35.774756,fp,,2026-04-09T18:12:44.032097+00:00
2026-04-09T10:57:29.138952,fp,,2026-04-09T18:12:44.035491+00:00
2026-04-09T10:57:23.105278,fp,,2026-04-09T18:12:44.037387+00:00
2026-04-09T10:56:17.829992,fp,,2026-04-09T18:12:44.039410+00:00
2026-04-09T10:56:08.625467,fp,,2026-04-09T18:12:44.041069+00:00
2026-04-09T10:56:02.533895,fp,,2026-04-09T18:12:44.043191+00:00
2026-04-09T10:55:49.910264,fp,,2026-04-09T18:12:44.046338+00:00
2026-04-09T10:55:36.223085,fp,,2026-04-09T18:12:44.047858+00:00
2026-04-09T10:54:57.294563,fp,,2026-04-09T18:12:44.049117+00:00
2026-04-09T10:41:15.499419,fp,,2026-04-09T18:12:44.049973+00:00
2026-04-09T10:39:01.177741,fp,,2026-04-09T18:12:44.050901+00:00
2026-04-09T10:57:35.774756,fp,,2026-04-09T18:12:48.582037+00:00
2026-04-09T10:57:29.138952,fp,,2026-04-09T18:12:48.597103+00:00
2026-04-09T10:57:23.105278,fp,,2026-04-09T18:12:48.602512+00:00
2026-04-09T10:56:17.829992,fp,,2026-04-09T18:12:48.605106+00:00
2026-04-09T10:56:08.625467,fp,,2026-04-09T18:12:48.607404+00:00
2026-04-09T10:56:02.533895,fp,,2026-04-09T18:12:48.609315+00:00
2026-04-09T10:55:49.910264,fp,,2026-04-09T18:12:48.613051+00:00
2026-04-09T10:55:36.223085,fp,,2026-04-09T18:12:48.617025+00:00
2026-04-09T10:54:57.294563,fp,,2026-04-09T18:12:48.619137+00:00
2026-04-09T10:41:15.499419,fp,,2026-04-09T18:12:48.621413+00:00
2026-04-09T10:39:01.177741,fp,,2026-04-09T18:12:48.623752+00:00
2026-04-09T10:38:17.574625,fp,,2026-04-09T18:12:48.625920+00:00
2026-04-09T10:57:35.774756,fp,,2026-04-09T18:12:54.847211+00:00
2026-04-09T10:57:29.138952,fp,,2026-04-09T18:12:54.853986+00:00
2026-04-09T10:57:23.105278,fp,,2026-04-09T18:12:54.858101+00:00
2026-04-09T10:56:17.829992,fp,,2026-04-09T18:12:54.863883+00:00
2026-04-09T10:56:08.625467,fp,,2026-04-09T18:12:54.869533+00:00
2026-04-09T10:56:02.533895,fp,,2026-04-09T18:12:54.876431+00:00
2026-04-09T10:55:49.910264,fp,,2026-04-09T18:12:54.888062+00:00
2026-04-09T10:55:36.223085,fp,,2026-04-09T18:12:54.894131+00:00
2026-04-09T10:54:57.294563,fp,,2026-04-09T18:12:54.901635+00:00
2026-04-09T10:41:15.499419,fp,,2026-04-09T18:12:54.906343+00:00
2026-04-09T10:39:01.177741,fp,,2026-04-09T18:12:54.910313+00:00
2026-04-09T10:38:17.574625,fp,,2026-04-09T18:12:54.916399+00:00
2026-04-09T10:37:25.142087,fp,,2026-04-09T18:12:54.920196+00:00
2026-04-09T09:06:43.238352,fp,,2026-04-09T18:12:58.542645+00:00
2026-04-09T09:06:43.238352,fp,,2026-04-09T18:13:08.956226+00:00
2026-04-09T09:06:50.697776,fp,,2026-04-09T18:13:08.977386+00:00
2026-04-09T08:59:32.799430,fp,,2026-04-09T18:13:08.986631+00:00
2026-04-09T09:00:06.882344,fp,,2026-04-09T18:13:08.994932+00:00
2026-04-09T08:59:43.644051,fp,,2026-04-09T18:13:09.007004+00:00
2026-04-09T09:06:43.238352,fp,,2026-04-09T18:13:47.746077+00:00
2026-04-09T09:06:50.697776,fp,,2026-04-09T18:13:47.748157+00:00
2026-04-09T08:59:32.799430,fp,,2026-04-09T18:13:47.749448+00:00
2026-04-09T09:00:06.882344,fp,,2026-04-09T18:13:47.750613+00:00
2026-04-09T08:59:43.644051,fp,,2026-04-09T18:13:47.751713+00:00
2026-04-09T08:55:52.696440,fp,,2026-04-09T18:13:47.752963+00:00
2026-04-09T08:54:46.134174,fp,,2026-04-09T18:13:47.755601+00:00
2026-04-09T08:55:14.038482,fp,,2026-04-09T18:13:47.757594+00:00
2026-04-09T08:55:06.668853,fp,,2026-04-09T18:13:47.759312+00:00
2026-04-09T08:54:53.324784,fp,,2026-04-09T18:13:47.763421+00:00
2026-04-09T08:55:39.574744,fp,,2026-04-09T18:13:47.764771+00:00
2026-04-09T09:06:20.800467,fp,,2026-04-09T18:19:19.252748+00:00
2026-04-09T09:06:20.800467,fp,,2026-04-09T18:19:26.358831+00:00
2026-04-09T09:06:14.307647,fp,,2026-04-09T18:19:26.377035+00:00
2026-04-09T09:00:42.266198,fp,,2026-04-09T18:19:26.394720+00:00
2026-04-09T08:56:10.262749,fp,,2026-04-09T18:19:30.690339+00:00
2026-04-09T08:55:59.469005,fp,,2026-04-09T18:19:31.550047+00:00
2026-04-08T13:54:40.998308,fp,,2026-04-09T18:19:34.698032+00:00
2026-04-09T09:06:20.800467,fp,,2026-04-09T18:19:41.674653+00:00
2026-04-09T09:06:14.307647,fp,,2026-04-09T18:19:41.686411+00:00
2026-04-09T09:00:42.266198,fp,,2026-04-09T18:19:41.693430+00:00
2026-04-08T13:54:40.998308,fp,,2026-04-09T18:19:41.697833+00:00
2026-04-08T13:52:29.917191,fp,,2026-04-09T18:19:41.703787+00:00
2026-04-08T13:50:29.823542,fp,,2026-04-09T18:19:41.708341+00:00
2026-04-08T13:08:02.062562,fp,,2026-04-09T18:19:41.713070+00:00
2026-04-08T13:07:52.105111,fp,,2026-04-09T18:19:41.722418+00:00
2026-04-08T13:07:42.582654,fp,,2026-04-09T18:19:41.728252+00:00
2026-04-08T13:07:25.819084,fp,,2026-04-09T18:19:41.734611+00:00
2026-04-08T13:07:01.669449,fp,,2026-04-09T18:19:41.740917+00:00
2026-04-08T12:45:09.305451,fp,,2026-04-09T18:19:41.745056+00:00
2026-04-08T12:43:44.071334,fp,,2026-04-09T18:19:41.752960+00:00
2026-04-08T12:42:03.253405,fp,,2026-04-09T18:19:44.732300+00:00
2026-04-09T09:06:20.800467,fp,,2026-04-09T18:19:53.595119+00:00
2026-04-09T09:06:14.307647,fp,,2026-04-09T18:19:53.600699+00:00
2026-04-09T09:00:42.266198,fp,,2026-04-09T18:19:53.602678+00:00
2026-04-08T13:54:40.998308,fp,,2026-04-09T18:19:53.605211+00:00
2026-04-08T13:52:29.917191,fp,,2026-04-09T18:19:53.608765+00:00
2026-04-08T13:50:29.823542,fp,,2026-04-09T18:19:53.618663+00:00
2026-04-08T13:08:02.062562,fp,,2026-04-09T18:19:53.621814+00:00
2026-04-08T13:07:52.105111,fp,,2026-04-09T18:19:53.623788+00:00
2026-04-08T13:07:42.582654,fp,,2026-04-09T18:19:53.625427+00:00
2026-04-08T13:07:25.819084,fp,,2026-04-09T18:19:53.627289+00:00
2026-04-08T13:07:01.669449,fp,,2026-04-09T18:19:53.629516+00:00
2026-04-08T12:45:09.305451,fp,,2026-04-09T18:19:53.631983+00:00
2026-04-08T12:43:44.071334,fp,,2026-04-09T18:19:53.634429+00:00
2026-04-08T12:42:03.253405,fp,,2026-04-09T18:19:53.635960+00:00
2026-04-08T12:41:02.153043,fp,,2026-04-09T18:19:53.637156+00:00
2026-04-08T12:28:12.046895,fp,,2026-04-09T18:19:53.641671+00:00
2026-04-08T12:27:55.020723,fp,,2026-04-09T18:19:53.643925+00:00
2026-04-08T12:27:44.403849,fp,,2026-04-09T18:19:53.645917+00:00
2026-04-08T12:26:16.875043,fp,,2026-04-09T18:19:53.649895+00:00
2026-04-08T12:24:52.012440,fp,,2026-04-09T18:19:53.651198+00:00
2026-04-08T12:24:00.867023,fp,,2026-04-09T18:19:53.652348+00:00
2026-04-08T12:23:45.308997,fp,,2026-04-09T18:19:53.653507+00:00
2026-04-08T12:22:50.244552,fp,,2026-04-09T18:19:53.654659+00:00
2026-04-08T12:19:28.061312,fp,,2026-04-09T18:19:53.655992+00:00
2026-04-08T12:18:21.186899,fp,,2026-04-09T18:19:53.657450+00:00
2026-04-08T11:43:15.776315,fp,,2026-04-09T18:19:53.658603+00:00
2026-04-08T10:20:22.891191,fp,,2026-04-09T18:19:53.659709+00:00
2026-04-08T10:20:16.921500,fp,,2026-04-09T18:19:53.660811+00:00
2026-04-08T10:18:48.252171,fp,,2026-04-09T18:19:53.661861+00:00
2026-04-08T10:17:57.909720,fp,,2026-04-09T18:19:53.667173+00:00
2026-04-08T10:17:32.133489,fp,,2026-04-09T18:19:53.668358+00:00
2026-04-08T10:17:18.944669,fp,,2026-04-09T18:19:53.669459+00:00
2026-04-07T17:35:26.648841,fp,,2026-04-09T18:19:53.670770+00:00
2026-04-07T17:35:15.620444,fp,,2026-04-09T18:19:53.672069+00:00
2026-04-07T17:35:09.621771,fp,,2026-04-09T18:19:53.673812+00:00
2026-04-07T17:35:02.251697,fp,,2026-04-09T18:19:53.675334+00:00
2026-04-07T17:34:44.285271,fp,,2026-04-09T18:19:53.677124+00:00
2026-04-07T17:34:38.254277,fp,,2026-04-09T18:19:53.681953+00:00
2026-04-07T17:33:13.314327,fp,,2026-04-09T18:19:53.683368+00:00
2026-04-07T17:28:55.017973,fp,,2026-04-09T18:19:53.684570+00:00
2026-04-07T17:28:43.807396,fp,,2026-04-09T18:19:53.685947+00:00
2026-04-07T17:25:59.597315,fp,,2026-04-09T18:19:53.688720+00:00
2026-04-07T17:25:41.994668,fp,,2026-04-09T18:19:53.690200+00:00
2026-04-07T17:25:35.945515,fp,,2026-04-09T18:19:53.691272+00:00
2026-04-07T17:25:29.791401,fp,,2026-04-09T18:19:53.692244+00:00
2026-04-07T17:25:23.542192,fp,,2026-04-09T18:19:53.693576+00:00
2026-04-07T17:25:16.526817,fp,,2026-04-09T18:19:53.694786+00:00
2026-04-07T17:24:51.391451,fp,,2026-04-09T18:19:53.700001+00:00
2026-04-07T17:24:42.446841,fp,,2026-04-09T18:19:53.701776+00:00
2026-04-07T17:24:35.960709,fp,,2026-04-09T18:19:53.703292+00:00
2026-04-07T17:24:04.292651,fp,,2026-04-09T18:19:53.704585+00:00
2026-04-07T17:23:52.506771,fp,,2026-04-09T18:19:53.705827+00:00
2026-04-09T11:47:50.680375,fp,,2026-04-09T18:49:37.727187+00:00
2026-04-09T11:47:37.037918,fp,,2026-04-09T18:49:37.733971+00:00
2026-04-09T11:55:29.643273,fp,,2026-04-09T19:05:38.104782+00:00
2026-04-09T11:55:06.022233,fp,,2026-04-09T19:05:38.108774+00:00
2026-04-09T11:54:53.362139,fp,,2026-04-09T19:05:38.118125+00:00
2026-04-09T11:54:39.105963,fp,,2026-04-09T19:05:38.119655+00:00
2026-04-09T11:54:30.209972,fp,,2026-04-09T19:05:38.120930+00:00
2026-04-09T11:54:16.469877,fp,,2026-04-09T19:05:38.122253+00:00
2026-04-09T11:53:58.005675,fp,,2026-04-09T19:05:38.123351+00:00
2026-04-09T11:52:28.634853,fp,,2026-04-09T19:05:38.124359+00:00
2026-04-09T11:52:18.130293,fp,,2026-04-09T19:05:38.125353+00:00
2026-04-09T11:50:53.212535,fp,,2026-04-09T19:05:38.126073+00:00
2026-04-09T11:50:40.583358,fp,,2026-04-09T19:05:38.126981+00:00
2026-04-09T12:05:06.978415,fp,,2026-04-09T19:06:05.024463+00:00
2026-04-09T12:04:53.221983,fp,,2026-04-09T19:06:05.038820+00:00
2026-04-09T12:04:34.858630,fp,,2026-04-09T19:06:05.052734+00:00
2026-04-09T12:03:57.511595,fp,,2026-04-09T19:06:05.061135+00:00
2026-04-09T12:03:45.185267,fp,,2026-04-09T19:06:05.069627+00:00
2026-04-09T12:03:37.163388,fp,,2026-04-09T19:06:05.083289+00:00
2026-04-09T12:02:54.079133,fp,,2026-04-09T19:06:05.099668+00:00
2026-04-09T12:02:39.394587,fp,,2026-04-09T19:06:05.107166+00:00
2026-04-09T12:02:26.172843,fp,,2026-04-09T19:06:05.116149+00:00
2026-04-09T12:02:03.283334,fp,,2026-04-09T19:06:05.129266+00:00
2026-04-09T12:01:47.247680,fp,,2026-04-09T19:06:05.140469+00:00
2026-04-09T12:05:54.752558,fp,,2026-04-10T14:52:45.039983+00:00
2026-04-09T09:00:25.721499,fp,,2026-04-10T14:52:51.412085+00:00
2026-04-10T09:35:22.830198,fp,,2026-04-10T16:53:01.503134+00:00
2026-04-10T09:54:45.026007,fp,,2026-04-10T17:11:39.424937+00:00
2026-04-10T09:53:46.158899,fp,,2026-04-10T17:11:40.679385+00:00
2026-04-10T10:28:01.563726,fp,,2026-04-10T17:29:02.104568+00:00
2026-04-10T10:25:40.525470,fp,,2026-04-10T17:29:02.117521+00:00
2026-04-10T10:24:57.981028,fp,,2026-04-10T17:29:02.119432+00:00
2026-04-10T10:15:05.105982,fp,,2026-04-10T17:29:02.121430+00:00
2026-04-10T10:13:48.601692,fp,,2026-04-10T17:29:02.123218+00:00
2026-04-10T10:11:33.572949,fp,,2026-04-10T17:29:02.124833+00:00
2026-04-10T10:11:25.618551,fp,,2026-04-10T17:29:02.126572+00:00
2026-04-10T15:14:19.265244,fp,,2026-04-11T16:06:52.392634+00:00
2026-04-10T15:14:19.265244,fp,,2026-04-11T16:07:05.669304+00:00
2026-04-10T15:13:57.762062,fp,,2026-04-11T16:07:05.683521+00:00
2026-04-10T15:13:51.737034,fp,,2026-04-11T16:07:05.688452+00:00
2026-04-10T15:13:40.644369,fp,,2026-04-11T16:07:05.694923+00:00
2026-04-10T15:13:33.500961,fp,,2026-04-11T16:07:05.700914+00:00
2026-04-10T15:13:20.232410,fp,,2026-04-11T16:07:05.705585+00:00
2026-04-10T15:13:13.410858,fp,,2026-04-11T16:07:05.710610+00:00
2026-04-10T15:13:06.573327,fp,,2026-04-11T16:07:05.717831+00:00
2026-04-10T15:12:59.834612,fp,,2026-04-11T16:07:05.721996+00:00
2026-04-10T15:12:48.951081,fp,,2026-04-11T16:07:05.726877+00:00
2026-04-10T15:12:14.659896,fp,,2026-04-11T16:07:05.733688+00:00
2026-04-10T15:12:08.586168,fp,,2026-04-11T16:07:05.738369+00:00
2026-04-10T15:11:52.829662,fp,,2026-04-11T16:07:05.743768+00:00
2026-04-10T15:11:39.448612,fp,,2026-04-11T16:07:05.752414+00:00
2026-04-10T15:11:01.795433,fp,,2026-04-11T16:07:05.756796+00:00
2026-04-10T15:10:53.623788,fp,,2026-04-11T16:07:05.762543+00:00
2026-04-10T15:10:41.060228,fp,,2026-04-11T16:07:05.768886+00:00
2026-04-10T15:10:30.717642,fp,,2026-04-11T16:07:05.773336+00:00
2026-04-10T15:10:23.114842,fp,,2026-04-11T16:07:05.779154+00:00
2026-04-10T15:10:14.872359,fp,,2026-04-11T16:07:05.784672+00:00
2026-04-10T13:38:13.220429,fp,,2026-04-11T16:07:05.793219+00:00
2026-04-10T13:37:49.894537,fp,,2026-04-11T16:07:05.798801+00:00
2026-04-10T13:37:27.829640,fp,,2026-04-11T16:07:05.804256+00:00
2026-04-10T13:37:19.490508,fp,,2026-04-11T16:07:05.808216+00:00
2026-04-10T13:37:13.308524,fp,,2026-04-11T16:07:05.813517+00:00
2026-04-10T13:36:15.314519,fp,,2026-04-11T16:07:05.816962+00:00
2026-04-10T13:36:09.281334,fp,,2026-04-11T16:07:05.823820+00:00
2026-04-10T13:35:53.241327,fp,,2026-04-11T16:07:05.828929+00:00
2026-04-10T13:35:14.283858,fp,,2026-04-11T16:07:05.834247+00:00
2026-04-10T13:35:06.967122,fp,,2026-04-11T16:07:05.841544+00:00
2026-04-10T13:34:41.444945,fp,,2026-04-11T16:07:05.844930+00:00
2026-04-10T13:34:35.259768,fp,,2026-04-11T16:07:05.850844+00:00
2026-04-10T13:34:21.172252,fp,,2026-04-11T16:07:05.854461+00:00
2026-04-10T13:34:14.164270,fp,,2026-04-11T16:07:05.862478+00:00
2026-04-10T13:34:07.816602,fp,,2026-04-11T16:07:05.867595+00:00
2026-04-10T13:33:45.312359,fp,,2026-04-11T16:07:05.873403+00:00
2026-04-10T13:33:39.267298,fp,,2026-04-11T16:07:05.877640+00:00
2026-04-10T13:33:19.450588,fp,,2026-04-11T16:07:05.885484+00:00
2026-04-10T13:33:12.741442,fp,,2026-04-11T16:07:05.889358+00:00
2026-04-10T13:33:03.381145,fp,,2026-04-11T16:07:05.895237+00:00
2026-04-10T13:32:29.796189,fp,,2026-04-11T16:07:05.902235+00:00
2026-04-10T13:32:21.374230,fp,,2026-04-11T16:07:05.907703+00:00
2026-04-10T13:31:54.282579,fp,,2026-04-11T16:07:05.911446+00:00
2026-04-10T13:31:43.665898,fp,,2026-04-11T16:07:05.916934+00:00
2026-04-10T13:31:33.399234,fp,,2026-04-11T16:07:05.922352+00:00
2026-04-10T13:31:19.118003,fp,,2026-04-11T16:07:05.928593+00:00
2026-04-10T13:30:31.635270,fp,,2026-04-11T16:07:05.934814+00:00
2026-04-10T10:29:54.889817,fp,,2026-04-11T16:07:05.941266+00:00
2026-04-10T10:29:48.559870,fp,,2026-04-11T16:07:05.945699+00:00
2026-04-11T09:42:04.004309,fp,,2026-04-11T16:50:49.725681+00:00
